{"count":1,"self":176.0302208,"total":638.6714869,"children":{"InitializeActuators":{"count":4,"self":0.0019955999999999997,"total":0.0019955999999999997,"children":null},"InitializeSensors":{"count":4,"self":0.0009972,"total":0.0009972,"children":null},"AgentSendState":{"count":135601,"self":0.50032029999999994,"total":13.474184699999999,"children":{"CollectObservations":{"count":54242,"self":0.3836885,"total":0.3836885,"children":null},"WriteActionMask":{"count":54242,"self":0.0599382,"total":0.0599382,"children":null},"RequestDecision":{"count":54242,"self":0.2752754,"total":12.530237699999999,"children":{"AgentInfo.ToProto":{"count":54242,"self":0.3231226,"total":12.254962299999999,"children":{"GenerateSensorData":{"count":54242,"self":11.93184,"total":11.9318397,"children":null}}}}}}},"DecideAction":{"count":135601,"self":401.88769279999997,"total":401.8876861,"children":null},"AgentAct":{"count":135601,"self":47.236604799999995,"total":47.236604299999996,"children":null},"AgentInfo.ToProto":{"count":180,"self":0.00099629999999999988,"total":0.038795699999999995,"children":{"GenerateSensorData":{"count":180,"self":0.0377994,"total":0.0377994,"children":null}}}},"gauges":{"FighterAgent.CumulativeReward":{"count":180,"max":63.6632233,"min":-10.24094,"runningAverage":9.399772,"value":2.88110542,"weightedAverage":7.966525}},"metadata":{"timer_format_version":"0.1.0","start_time_seconds":"1701376788","unity_version":"2022.3.11f1","command_line_arguments":"C:\\Program Files\\Unity\\Hub\\Editor\\2022.3.11f1\\Editor\\Unity.exe -projectpath C:\\Users\\ericb\\Desktop\\AI PROJ\\CS-4100-Sword-Fighting\\SwordFightUnity -useHub -hubIPC -cloudEnvironment production -licensingIpc LicenseClient-ericb -hubSessionId 3f2984e1-5b3d-4e89-a7b1-75cae100b74d -accessToken Udffdqp6ZwBh2d7qXXBjA6xpQThGJ-NN7MPWEQGyRiE002f","communication_protocol_version":"1.5.0","com.unity.ml-agents_version":"2.0.1","scene_name":"SingleEnvSceneModded","end_time_seconds":"1701377427"}}