{"count":1,"self":3.0582339999999997,"total":34.9540201,"children":{"InitializeActuators":{"count":2,"self":0.0019944,"total":0.0019944,"children":null},"InitializeSensors":{"count":2,"self":0.0019947999999999997,"total":0.0019947999999999997,"children":null},"AgentSendState":{"count":12517,"self":0.054406699999999995,"total":0.1875241,"children":{"CollectObservations":{"count":5010,"self":0.043485699999999995,"total":0.043485699999999995,"children":null},"WriteActionMask":{"count":5010,"self":0.0030066999999999997,"total":0.0030066999999999997,"children":null},"RequestDecision":{"count":5010,"self":0.025031499999999998,"total":0.086625,"children":{"AgentInfo.ToProto":{"count":5010,"self":0.0200773,"total":0.061593499999999995,"children":{"GenerateSensorData":{"count":5010,"self":0.041516199999999996,"total":0.041516199999999996,"children":null}}}}}}},"DecideAction":{"count":12517,"self":28.5766496,"total":28.576648499999997,"children":null},"AgentAct":{"count":12517,"self":3.126141,"total":3.126141,"children":null},"AgentInfo.ToProto":{"count":4,"self":0,"total":0,"children":{"GenerateSensorData":{"count":4,"self":0,"total":0,"children":null}}}},"gauges":{"FighterAgent.CumulativeReward":{"count":4,"max":1.98795009,"min":-7.00270271,"runningAverage":-2.506106,"value":1.98795009,"weightedAverage":-1.24059594}},"metadata":{"timer_format_version":"0.1.0","start_time_seconds":"1700181643","unity_version":"2022.3.11f1","command_line_arguments":"C:\\Program Files\\Unity\\Hub\\Editor\\2022.3.11f1\\Editor\\Unity.exe -projectpath C:\\Users\\ericb\\Desktop\\AI PROJ\\CS-4100-Sword-Fighting\\SwordFightUnity -useHub -hubIPC -cloudEnvironment production -licensingIpc LicenseClient-ericb -hubSessionId 9f96141e-d501-4238-8b8a-009b81492c6d -accessToken 7-UyIzDVxItFfNs76lWG7YVHyfPMhbGXH_rwCqzcLCM002f","communication_protocol_version":"1.5.0","com.unity.ml-agents_version":"2.0.1","scene_name":"SingleEnvScene","end_time_seconds":"1700181678"}}