{"count":1,"self":23.200454399999998,"total":205.758852,"children":{"InitializeActuators":{"count":24,"self":0.0019952,"total":0.0019952,"children":null},"InitializeSensors":{"count":24,"self":0.0019944,"total":0.0019944,"children":null},"AgentSendState":{"count":59701,"self":1.0234938,"total":50.124162999999996,"children":{"CollectObservations":{"count":286584,"self":0.4927679,"total":0.4927679,"children":null},"WriteActionMask":{"count":286584,"self":0.21518579999999998,"total":0.21518579999999998,"children":null},"RequestDecision":{"count":286584,"self":0.87161879999999992,"total":48.3927155,"children":{"AgentInfo.ToProto":{"count":286584,"self":0.9787971,"total":47.5210967,"children":{"GenerateSensorData":{"count":286584,"self":46.5423008,"total":46.5422996,"children":null}}}}}}},"DecideAction":{"count":59701,"self":130.63736319999998,"total":130.637362,"children":null},"AgentAct":{"count":59701,"self":1.6016842999999998,"total":1.6136488999999998,"children":{"AgentInfo.ToProto":{"count":46,"self":0,"total":0.011964599999999999,"children":{"GenerateSensorData":{"count":46,"self":0.011964599999999999,"total":0.011964599999999999,"children":null}}}}},"AgentInfo.ToProto":{"count":770,"self":0.0049876999999999994,"total":0.1782373,"children":{"GenerateSensorData":{"count":770,"self":0.1732496,"total":0.1732496,"children":null}}}},"gauges":{"MoveToGoal.CumulativeReward":{"count":816,"max":2,"min":-1,"runningAverage":-0.0171569269,"value":0,"weightedAverage":0.428280056}},"metadata":{"timer_format_version":"0.1.0","start_time_seconds":"1699457514","unity_version":"2022.3.11f1","command_line_arguments":"C:\\Program Files\\Unity\\Hub\\Editor\\2022.3.11f1\\Editor\\Unity.exe -projectpath C:\\Users\\ericb\\Desktop\\AI PROJ\\CS-4100-Sword-Fighting\\UnityMLAgentDemo -useHub -hubIPC -cloudEnvironment production -licensingIpc LicenseClient-ericb -hubSessionId e040a581-8509-462a-b40f-533c6097192a -accessToken dZi3_qMYhL3R5hnfNOGwAtWl8yo32coREyLUUMb5X2E002f","communication_protocol_version":"1.5.0","com.unity.ml-agents_version":"2.0.1","scene_name":"MultiTrainingScene","end_time_seconds":"1699457720"}}